AGI,Description,table.logConc,table.logFC,table.PValue,table.FDR,found in ATH1,Kozuka_2010_leaf_blade,Kozuka_2010_petiole
AT5G39535,tRNA-Pro (anticodon: AGG),33.59,32.85,1.75094E-10,1.5899E-07,,#N/A,#N/A
AT1G10585,"basic helix-loop-helix (bHLH) DNA-binding superfamily protein; FUNCTIONS IN: sequence-specific DNA binding transcription factor activity; INVOLVED IN: regulation of transcription; LOCATED IN: nucleus; EXPRESSED IN: 7 plant structures; EXPRESSED DURING: LP.06 six leaves visible, 4 anthesis, LP.10 ten leaves visible, petal differentiation and expansion stage, LP.08 eight leaves visible; CONTAINS InterPro DOMAIN/s: Helix-loop-helix DNA-binding domain (InterPro:IPR001092), Helix-loop-helix DNA-binding (InterPro:IPR011598); BEST Arabidopsis thaliana protein match is: basic helix-loop-helix (bHLH) DNA-binding superfamily protein (TAIR:AT1G10586.1); Has 97 Blast hits to 96 proteins in 11 species: Archae - 0; Bacteria - 0; Metazoa - 0; Fungi - 0; Plants - 97; Viruses - 0; Other Eukaryotes - 0 (source: NCBI BLink).",34.01,32.01,4.50397E-07,0.000178023,263210_at,#N/A,#N/A
AT3G28740,"Encodes a member of the cytochrome p450 family. Expression is upregulated in response to cis-jasmonate treatment. Overexpression induces synthesis of volatile compounds that affect chemical ecology and insect interactions.CYP81D1; FUNCTIONS IN: electron carrier activity, monooxygenase activity, iron ion binding, oxygen binding, heme binding; INVOLVED IN: response to cyclopentenone, defense response to insect; LOCATED IN: endomembrane system; EXPRESSED IN: 10 plant structures; EXPRESSED DURING: 4 anthesis, C globular stage, petal differentiation and expansion stage; CONTAINS InterPro DOMAIN/s: Cytochrome P450 (InterPro:IPR001128), Cytochrome P450, conserved site (InterPro:IPR017972), Cytochrome P450, E-class, group I (InterPro:IPR002401); BEST Arabidopsis thaliana protein match is: cytochrome P450, family 81, subfamily D, polypeptide 7 (TAIR:AT2G23190.1); Has 36095 Blast hits to 35936 proteins in 1857 species: Archae - 61; Bacteria - 5661; Metazoa - 11857; Fungi - 7468; Plants - 9503; Viruses - 3; Other Eukaryotes - 1542 (source: NCBI BLink).",34.11,31.81,2.65985E-06,0.000819845,256589_at,#N/A,#N/A
AT1G05680,"Encodes a UDP-glucosyltransferase, UGT74E2,  that acts on IBA (indole-3-butyric acid) and affects auxin homeostasis. The transcript and protein levels of this enzyme are strongly induced by H2O2 and may allow integration of ROS (reactive oxygen species) and auxin signaling. This enzyme can also transfer glycosyl groups to several compounds related to the explosive TNT when this synthetic compound is taken up from the environment.Uridine diphosphate glycosyltransferase 74E2 (UGT74E2); CONTAINS InterPro DOMAIN/s: UDP-glucuronosyl/UDP-glucosyltransferase (InterPro:IPR002213); BEST Arabidopsis thaliana protein match is: UDP-Glycosyltransferase superfamily protein (TAIR:AT1G05675.1); Has 8397 Blast hits to 8309 proteins in 513 species: Archae - 0; Bacteria - 605; Metazoa - 2499; Fungi - 31; Plants - 5061; Viruses - 123; Other Eukaryotes - 78 (source: NCBI BLink).",34.15,31.73,2.65985E-06,0.000819845,263231_at,#N/A,#N/A
AT2G45220,"Plant invertase/pectin methylesterase inhibitor superfamily; FUNCTIONS IN: enzyme inhibitor activity, pectinesterase activity; INVOLVED IN: cell wall modification; LOCATED IN: membrane, plant-type cell wall; EXPRESSED IN: 9 plant structures; EXPRESSED DURING: 4 anthesis, C globular stage, petal differentiation and expansion stage; CONTAINS InterPro DOMAIN/s: Carbohydrate-binding/sugar hydrolysis domain (InterPro:IPR006633), Pectinesterase, active site (InterPro:IPR018040), Pectin lyase fold/virulence factor (InterPro:IPR011050), Pectinesterase, catalytic (InterPro:IPR000070), Pectinesterase inhibitor (InterPro:IPR006501), Pectin lyase fold (InterPro:IPR012334); BEST Arabidopsis thaliana protein match is: Plant invertase/pectin methylesterase inhibitor superfamily (TAIR:AT5G51490.1); Has 2773 Blast hits to 2723 proteins in 340 species: Archae - 10; Bacteria - 616; Metazoa - 1; Fungi - 203; Plants - 1907; Viruses - 0; Other Eukaryotes - 36 (source: NCBI BLink).",19.87,6.37,1.8E-14,3.5511E-11,245148_at,#N/A,#N/A
AT3G55970,"jasmonate-regulated gene 21 (JRG21); FUNCTIONS IN: oxidoreductase activity, iron ion binding; INVOLVED IN: oxidation reduction; LOCATED IN: cellular_component unknown; EXPRESSED IN: 10 plant structures; EXPRESSED DURING: LP.06 six leaves visible, LP.04 four leaves visible, 4 anthesis, C globular stage, petal differentiation and expansion stage; CONTAINS InterPro DOMAIN/s: Isopenicillin N synthase (InterPro:IPR002283), Oxoglutarate/iron-dependent oxygenase (InterPro:IPR005123); BEST Arabidopsis thaliana protein match is: 2-oxoglutarate (2OG) and Fe(II)-dependent oxygenase superfamily protein (TAIR:AT5G05600.1); Has 8809 Blast hits to 8750 proteins in 1005 species: Archae - 0; Bacteria - 1115; Metazoa - 109; Fungi - 1073; Plants - 4993; Viruses - 0; Other Eukaryotes - 1519 (source: NCBI BLink).",17.70,5.55,0,0,251770_at,#N/A,#N/A
AT4G37990,"Encodes an aromatic alcohol:NADP+ oxidoreductase whose mRNA levels are increased in response to treatment with a variety of phytopathogenic bacteria.  Though similar to mannitol dehydrogenases, this enzyme does not have mannitol dehydrogenase activity.elicitor-activated gene 3-2 (ELI3-2); CONTAINS InterPro DOMAIN/s: GroES-like (InterPro:IPR011032), Alcohol dehydrogenase GroES-like (InterPro:IPR013154), Alcohol dehydrogenase, zinc-containing, conserved site (InterPro:IPR002328), Alcohol dehydrogenase, C-terminal (InterPro:IPR013149), Alcohol dehydrogenase superfamily, zinc-containing (InterPro:IPR002085); BEST Arabidopsis thaliana protein match is: elicitor-activated gene 3-1 (TAIR:AT4G37980.1); Has 39982 Blast hits to 39962 proteins in 3075 species: Archae - 828; Bacteria - 26485; Metazoa - 1263; Fungi - 3046; Plants - 3202; Viruses - 3; Other Eukaryotes - 5155 (source: NCBI BLink).",17.48,5.53,0,0,252984_at,#N/A,#N/A
AT3G48520,"CYP94B3 is a jasmonoyl-isoleucine-12-hydroxylase that catalyzes the formation of 12-OH-JA-Ile from JA-Ile. By reducing the levels of this the biologically active phytohormone, CYP94B3 attenuates the jasmonic  acid signaling cascade. CYP94B3 transcript levels rise in response to wounding.); FUNCTIONS IN: electron carrier activity, monooxygenase activity, iron ion binding, oxygen binding, heme binding; INVOLVED IN: oxidation reduction; LOCATED IN: endomembrane system; EXPRESSED IN: 14 plant structures; EXPRESSED DURING: 7 growth stages; CONTAINS InterPro DOMAIN/s: Cytochrome P450 (InterPro:IPR001128), Cytochrome P450, E-class, group I (InterPro:IPR002401); BEST Arabidopsis thaliana protein match is: cytochrome P450, family 94, subfamily B, polypeptide 1 (TAIR:AT5G63450.1); Has 27655 Blast hits to 27536 proteins in 1435 species: Archae - 44; Bacteria - 2616; Metazoa - 10459; Fungi - 5693; Plants - 7745; Viruses - 3; Other Eukaryotes - 1095 (source: NCBI BLink).",20.46,5.20,7.89421E-08,3.53629E-05,252368_at,#N/A,#N/A
AT4G16260,"Glycosyl hydrolase superfamily protein; FUNCTIONS IN: cation binding, hydrolase activity, hydrolyzing O-glycosyl compounds, catalytic activity; INVOLVED IN: defense response to fungus, incompatible interaction, response to salt stress; LOCATED IN: cell wall, plasma membrane; EXPRESSED IN: 11 plant structures; EXPRESSED DURING: LP.06 six leaves visible, LP.04 four leaves visible, 4 anthesis, petal differentiation and expansion stage, LP.08 eight leaves visible; CONTAINS InterPro DOMAIN/s: Glycoside hydrolase, catalytic core (InterPro:IPR017853), Glycoside hydrolase, family 17 (InterPro:IPR000490), Glycoside hydrolase, subgroup, catalytic core (InterPro:IPR013781); BEST Arabidopsis thaliana protein match is: beta-1,3-glucanase 1 (TAIR:AT3G57270.1); Has 2169 Blast hits to 2154 proteins in 141 species: Archae - 0; Bacteria - 6; Metazoa - 5; Fungi - 22; Plants - 2121; Viruses - 0; Other Eukaryotes - 15 (source: NCBI BLink).",20.56,5.00,1.46578E-06,0.000482802,245393_at,#N/A,#N/A
AT1G05340,unknown protein; FUNCTIONS IN: molecular_function unknown; INVOLVED IN: biological_process unknown; LOCATED IN: chloroplast; EXPRESSED IN: 14 plant structures; EXPRESSED DURING: 7 growth stages; BEST Arabidopsis thaliana protein match is: unknown protein (TAIR:AT2G32210.1); Has 189 Blast hits to 189 proteins in 27 species: Archae - 0; Bacteria - 0; Metazoa - 0; Fungi - 21; Plants - 168; Viruses - 0; Other Eukaryotes - 0 (source: NCBI BLink).,20.58,4.95,8.10941E-07,0.000286012,264580_at,#N/A,#N/A
AT5G16960,"Zinc-binding dehydrogenase family protein; FUNCTIONS IN: oxidoreductase activity, binding, zinc ion binding, catalytic activity; INVOLVED IN: response to oxidative stress; EXPRESSED IN: leaf whorl, sepal, flower, stamen; EXPRESSED DURING: 4 anthesis, petal differentiation and expansion stage; CONTAINS InterPro DOMAIN/s: GroES-like (InterPro:IPR011032), NAD(P)-binding domain (InterPro:IPR016040), Alcohol dehydrogenase, C-terminal (InterPro:IPR013149), Alcohol dehydrogenase superfamily, zinc-containing (InterPro:IPR002085); BEST Arabidopsis thaliana protein match is: Zinc-binding dehydrogenase family protein (TAIR:AT5G37980.1); Has 1807 Blast hits to 1807 proteins in 277 species: Archae - 0; Bacteria - 0; Metazoa - 736; Fungi - 347; Plants - 385; Viruses - 0; Other Eukaryotes - 339 (source: NCBI BLink).",20.62,4.89,8.10941E-07,0.000286012,246418_at,#N/A,#N/A
AT2G05440,GLYCINE RICH PROTEIN 9 (GRP9); FUNCTIONS IN: molecular_function unknown; INVOLVED IN: biological_process unknown; LOCATED IN: endomembrane system; CONTAINS InterPro DOMAIN/s: Glycine rich protein (InterPro:IPR010800); BEST Arabidopsis thaliana protein match is: Glycine-rich protein family (TAIR:AT2G05510.1); Has 109633 Blast hits to 26829 proteins in 1834 species: Archae - 115; Bacteria - 41993; Metazoa - 34143; Fungi - 5967; Plants - 10276; Viruses - 1307; Other Eukaryotes - 15832 (source: NCBI BLink).,19.06,4.83,1.683E-12,2.45792E-09,,#N/A,#N/A
AT5G17860,"calcium exchanger 7 (CAX7); FUNCTIONS IN: cation:cation antiporter activity, calcium:sodium antiporter activity; INVOLVED IN: cation transport, transmembrane transport; LOCATED IN: endomembrane system, integral to membrane; EXPRESSED IN: 19 plant structures; EXPRESSED DURING: 10 growth stages; CONTAINS InterPro DOMAIN/s: Sodium/calcium exchanger membrane region (InterPro:IPR004837); BEST Arabidopsis thaliana protein match is: cation calcium exchanger 4 (TAIR:AT1G54115.1); Has 1807 Blast hits to 1807 proteins in 277 species: Archae - 0; Bacteria - 0; Metazoa - 736; Fungi - 347; Plants - 385; Viruses - 0; Other Eukaryotes - 339 (source: NCBI BLink).",20.65,4.83,2.65985E-06,0.000819845,250054_at,#N/A,#N/A
AT1G43160,"encodes a member of the ERF (ethylene response factor) subfamily B-4 of ERF/AP2 transcription factor family (RAP2.6). The protein contains one AP2 domain. There are 7 members in this subfamily.related to AP2 6 (RAP2.6); CONTAINS InterPro DOMAIN/s: DNA-binding, integrase-type (InterPro:IPR016177), Pathogenesis-related transcriptional factor/ERF, DNA-binding (InterPro:IPR001471); BEST Arabidopsis thaliana protein match is: Integrase-type DNA-binding superfamily protein (TAIR:AT5G61890.1); Has 6219 Blast hits to 5840 proteins in 256 species: Archae - 0; Bacteria - 2; Metazoa - 0; Fungi - 0; Plants - 6203; Viruses - 0; Other Eukaryotes - 14 (source: NCBI BLink).",18.82,4.48,4.8E-13,7.68171E-10,264415_at,#N/A,#N/A
AT3G44300,"Encodes an enzyme that catalyzes the hydrolysis of indole-3-acetonitrile (IAN) to indole-3-acetic acid (IAA) (nitrile aminohydrolase, EC 3.5.5.1) and IAN to indole-3-acetamide (IAM) at lower levels. Mutants have reduced sensitivity to IAN and are sensitive to IAA. This enzyme likely participates in other non-auxin-related metabolic pathways.nitrilase 2 (NIT2); FUNCTIONS IN: indole-3-acetonitrile nitrilase activity, nitrilase activity, indole-3-acetonitrile nitrile hydratase activity; INVOLVED IN: response to cadmium ion, indoleacetic acid biosynthetic process, response to bacterium; LOCATED IN: cellular_component unknown; EXPRESSED IN: cotyledon, cultured cell; CONTAINS InterPro DOMAIN/s: Nitrilase/cyanide hydratase and apolipoprotein N-acyltransferase (InterPro:IPR003010), Nitrilase/cyanide hydratase, conserved site (InterPro:IPR000132); BEST Arabidopsis thaliana protein match is: nitrilase 1 (TAIR:AT3G44310.3); Has 7677 Blast hits to 7598 proteins in 1742 species: Archae - 157; Bacteria - 4958; Metazoa - 446; Fungi - 568; Plants - 325; Viruses - 11; Other Eukaryotes - 1212 (source: NCBI BLink).",18.23,4.48,0,1.85E-13,,#N/A,#N/A
AT1G52890,"encodes a NAC transcription factor whose expression is induced by drought, high salt, and abscisic acid. This gene binds to ERD1 promoter in vitro.NAC domain containing protein 19 (NAC019); CONTAINS InterPro DOMAIN/s: No apical meristem (NAM) protein (InterPro:IPR003441); BEST Arabidopsis thaliana protein match is: NAC domain containing protein 3 (TAIR:AT3G15500.1); Has 3041 Blast hits to 3033 proteins in 75 species: Archae - 0; Bacteria - 0; Metazoa - 0; Fungi - 0; Plants - 3041; Viruses - 0; Other Eukaryotes - 0 (source: NCBI BLink).",18.27,4.42,0,1.1E-14,260203_at,#N/A,#N/A
AT4G22470,"protease inhibitor/seed storage/lipid transfer protein (LTP) family protein; FUNCTIONS IN: lipid binding; INVOLVED IN: lipid transport; LOCATED IN: endomembrane system; EXPRESSED IN: embryo, hypocotyl, sepal, stamen; EXPRESSED DURING: 4 anthesis, C globular stage, petal differentiation and expansion stage; CONTAINS InterPro DOMAIN/s: Bifunctional inhibitor/plant lipid transfer protein/seed storage (InterPro:IPR016140), Plant lipid transfer protein/hydrophobic protein, helical domain (InterPro:IPR013770); BEST Arabidopsis thaliana protein match is: Bifunctional inhibitor/lipid-transfer protein/seed storage 2S albumin superfamily protein (TAIR:AT4G22485.1); Has 219939 Blast hits to 80042 proteins in 2746 species: Archae - 655; Bacteria - 50351; Metazoa - 79801; Fungi - 26960; Plants - 28532; Viruses - 6737; Other Eukaryotes - 26903 (source: NCBI BLink).",19.31,4.33,3.79318E-10,3.26768E-07,254314_at,#N/A,#N/A
AT1G61120,"Encodes a geranyllinalool synthase that produces a precursor to TMTT, a volatile plant defense C16-homoterpene. GES transcript levels rise in response to alamethicin, a fungal peptide mixture that damages membranes. This transcriptional response is blocked in JA biosynthetic and JA signaling mutants, but GES transcript levels still rise in response to alamethicin in mutants with salicylic acid and ethylene biosynthetic and/or signaling defects. GES transcripts also accumulate in response to a larval infestation. This enzyme does not localize to the plastids, and it may be present in the cytosol or endoplasmic reticulum.terpene synthase 04 (TPS04); CONTAINS InterPro DOMAIN/s: Terpene synthase, metal-binding domain (InterPro:IPR005630), Terpenoid synthase (InterPro:IPR008949), Terpenoid cylases/protein prenyltransferase alpha-alpha toroid (InterPro:IPR008930), Terpene synthase-like (InterPro:IPR001906); BEST Arabidopsis thaliana protein match is: Terpenoid cyclases/Protein prenyltransferases superfamily protein (TAIR:AT1G79460.1); Has 1879 Blast hits to 1869 proteins in 199 species: Archae - 0; Bacteria - 12; Metazoa - 0; Fungi - 7; Plants - 1856; Viruses - 0; Other Eukaryotes - 4 (source: NCBI BLink).",18.91,4.29,2.9696E-11,3.44028E-08,264886_at,#N/A,#N/A
AT3G26830,"Mutations in pad3 are defective in biosynthesis of the indole derived phytoalexin camalexin. Encodes a cytochrome P450 enzyme that catalyzes the conversion of dihydrocamalexic acid to camalexin.PHYTOALEXIN DEFICIENT 3 (PAD3); FUNCTIONS IN: dihydrocamalexic acid decarboxylase activity, monooxygenase activity, oxygen binding; INVOLVED IN: in 6 processes; LOCATED IN: endoplasmic reticulum, microsome; EXPRESSED IN: 15 plant structures; EXPRESSED DURING: 9 growth stages; CONTAINS InterPro DOMAIN/s: Cytochrome P450 (InterPro:IPR001128), Cytochrome P450, E-class, group I (InterPro:IPR002401), Cytochrome P450, conserved site (InterPro:IPR017972); BEST Arabidopsis thaliana protein match is: cytochrome P450, family 71, subfamily B, polypeptide 28 (TAIR:AT1G13090.1); Has 31909 Blast hits to 31706 proteins in 1646 species: Archae - 46; Bacteria - 3053; Metazoa - 11727; Fungi - 6529; Plants - 9477; Viruses - 0; Other Eukaryotes - 1077 (source: NCBI BLink).",18.94,4.23,7.16E-12,1.00234E-08,258277_at,#N/A,#N/A
AT1G51780,"encodes a member of the six Arabidopsis IAA-amino acid conjugate hydrolase subfamily and conjugates and is very similar to IAR3.IAA-leucine resistant (ILR)-like gene 5 (ILL5); FUNCTIONS IN: metallopeptidase activity, IAA-amino acid conjugate hydrolase activity; INVOLVED IN: proteolysis, regulation of systemic acquired resistance; LOCATED IN: endomembrane system; CONTAINS InterPro DOMAIN/s: Peptidase M20 (InterPro:IPR002933), Peptidase M20, dimerisation (InterPro:IPR011650), Peptidase M20D, amidohydrolase (InterPro:IPR010168), Peptidase M20D, mername-AA028/carboxypeptidase Ss1 (InterPro:IPR017439); BEST Arabidopsis thaliana protein match is: peptidase M20/M25/M40 family protein (TAIR:AT1G51760.1); Has 13227 Blast hits to 13219 proteins in 2009 species: Archae - 135; Bacteria - 9794; Metazoa - 77; Fungi - 235; Plants - 313; Viruses - 0; Other Eukaryotes - 2673 (source: NCBI BLink).",20.06,4.00,2.51111E-07,0.000102611,,#N/A,#N/A
AT2G37770,"NAD(P)-linked oxidoreductase superfamily protein; FUNCTIONS IN: oxidoreductase activity; INVOLVED IN: oxidation reduction; EXPRESSED IN: 12 plant structures; EXPRESSED DURING: LP.04 four leaves visible, 4 anthesis, petal differentiation and expansion stage; CONTAINS InterPro DOMAIN/s: Aldo/keto reductase (InterPro:IPR001395), Aldo/keto reductase subgroup (InterPro:IPR020471), Aldo/keto reductase, conserved site (InterPro:IPR018170); BEST Arabidopsis thaliana protein match is: NAD(P)-linked oxidoreductase superfamily protein (TAIR:AT2G37790.1); Has 35333 Blast hits to 34131 proteins in 2444 species: Archae - 798; Bacteria - 22429; Metazoa - 974; Fungi - 991; Plants - 531; Viruses - 0; Other Eukaryotes - 9610 (source: NCBI BLink).",20.10,3.92,1.46578E-06,0.000482802,267168_at,#N/A,#N/A
AT3G17050,"pseudogene, glycine-rich protein, similar to glycine-rich protein TIGR:At1g53620.1 (Arabidopsis thaliana)",18.62,3.70,2.19218E-09,1.53439E-06,,#N/A,#N/A
AT2G18115,"pseudogene, glycine-rich protein, predicted proteins, Arabidopsis thaliana",19.63,3.69,5.85546E-07,0.000226122,265803_at,#N/A,#N/A
AT2G39030,"Acyl-CoA N-acyltransferases (NAT) superfamily protein; FUNCTIONS IN: N-acetyltransferase activity; INVOLVED IN: metabolic process; LOCATED IN: cellular_component unknown; EXPRESSED IN: 13 plant structures; EXPRESSED DURING: 10 growth stages; CONTAINS InterPro DOMAIN/s: GCN5-related N-acetyltransferase, C-terminal (InterPro:IPR022610), GCN5-related N-acetyltransferase (InterPro:IPR000182), Acyl-CoA N-acyltransferase (InterPro:IPR016181); BEST Arabidopsis thaliana protein match is: Acyl-CoA N-acyltransferases (NAT) superfamily protein (TAIR:AT2G39020.1); Has 1996 Blast hits to 1996 proteins in 707 species: Archae - 30; Bacteria - 1221; Metazoa - 280; Fungi - 96; Plants - 60; Viruses - 0; Other Eukaryotes - 309 (source: NCBI BLink).",16.16,3.69,0,0,266142_at,#N/A,#N/A
AT3G49620,"encodes a protein similar to 2-oxoacid-dependent dioxygenase. Expression is induced after 24 hours of dark treatment, in senescing leaves and treatment with exogenous photosynthesis inhibitor. Induction of gene expression was suppressed in excised leaves supplied with sugar. The authors suggest that the gene's expression pattern is responding to the level of sugar in the cell.DARK INDUCIBLE 11 (DIN11); FUNCTIONS IN: oxidoreductase activity, iron ion binding; INVOLVED IN: aging, response to light stimulus, response to sucrose stimulus, cellular response to starvation; EXPRESSED IN: 6 plant structures; EXPRESSED DURING: LP.06 six leaves visible, LP.04 four leaves visible, LP.10 ten leaves visible, LP.08 eight leaves visible; CONTAINS InterPro DOMAIN/s: Isopenicillin N synthase (InterPro:IPR002283), Oxoglutarate/iron-dependent oxygenase (InterPro:IPR005123); BEST Arabidopsis thaliana protein match is: 2-oxoglutarate (2OG) and Fe(II)-dependent oxygenase superfamily protein (TAIR:AT3G49630.1); Has 8746 Blast hits to 8700 proteins in 1000 species: Archae - 0; Bacteria - 1165; Metazoa - 118; Fungi - 1060; Plants - 4722; Viruses - 0; Other Eukaryotes - 1681 (source: NCBI BLink).",17.76,3.66,1E-15,1.707E-12,252265_at,#N/A,#N/A
AT5G44260,"Zinc finger C-x8-C-x5-C-x3-H type family protein; CONTAINS InterPro DOMAIN/s: Zinc finger, CCCH-type (InterPro:IPR000571); BEST Arabidopsis thaliana protein match is: Zinc finger C-x8-C-x5-C-x3-H type family protein (TAIR:AT1G03790.1); Has 1182 Blast hits to 968 proteins in 143 species: Archae - 0; Bacteria - 0; Metazoa - 415; Fungi - 15; Plants - 396; Viruses - 3; Other Eukaryotes - 353 (source: NCBI BLink).",18.11,3.55,1.344E-12,2.05185E-09,249065_at,6.389,25.21
AT4G32280,"Auxin inducible protein.indole-3-acetic acid inducible 29 (IAA29); FUNCTIONS IN: sequence-specific DNA binding transcription factor activity; INVOLVED IN: response to auxin stimulus, response to cyclopentenone, response to red light, response to far red light; LOCATED IN: nucleus; EXPRESSED IN: 7 plant structures; EXPRESSED DURING: 6 growth stages; CONTAINS InterPro DOMAIN/s: Aux/IAA-ARF-dimerisation (InterPro:IPR011525), AUX/IAA protein (InterPro:IPR003311); BEST Arabidopsis thaliana protein match is: indoleacetic acid-induced protein 10 (TAIR:AT1G04100.1); Has 30201 Blast hits to 17322 proteins in 780 species: Archae - 12; Bacteria - 1396; Metazoa - 17338; Fungi - 3422; Plants - 5037; Viruses - 0; Other Eukaryotes - 2996 (source: NCBI BLink).",17.14,3.51,0,1E-15,253423_at,12.82,41.22
AT5G05340,"Peroxidase superfamily protein; FUNCTIONS IN: protein binding, peroxidase activity; INVOLVED IN: response to oxidative stress, oxidation reduction; LOCATED IN: apoplast, cell wall; EXPRESSED IN: 9 plant structures; EXPRESSED DURING: LP.04 four leaves visible, 4 anthesis, C globular stage, petal differentiation and expansion stage; CONTAINS InterPro DOMAIN/s: Haem peroxidase (InterPro:IPR010255), Plant peroxidase (InterPro:IPR000823), Peroxidases heam-ligand binding site (InterPro:IPR019793), Haem peroxidase, plant/fungal/bacterial (InterPro:IPR002016), Peroxidase, active site (InterPro:IPR019794); BEST Arabidopsis thaliana protein match is: Peroxidase superfamily protein (TAIR:AT5G58400.1); Has 1807 Blast hits to 1807 proteins in 277 species: Archae - 0; Bacteria - 0; Metazoa - 736; Fungi - 347; Plants - 385; Viruses - 0; Other Eukaryotes - 339 (source: NCBI BLink).",18.75,3.45,8.24815E-10,6.15807E-07,250798_at,#N/A,#N/A
AT5G18050,SAUR-like auxin-responsive protein family ; CONTAINS InterPro DOMAIN/s: Auxin responsive SAUR protein (InterPro:IPR003676); BEST Arabidopsis thaliana protein match is: SAUR-like auxin-responsive protein family  (TAIR:AT5G18020.1); Has 1807 Blast hits to 1807 proteins in 277 species: Archae - 0; Bacteria - 0; Metazoa - 736; Fungi - 347; Plants - 385; Viruses - 0; Other Eukaryotes - 339 (source: NCBI BLink).,18.76,3.44,5.77202E-09,3.59116E-06,,#N/A,#N/A
AT2G30770,"putative cytochrome P450cytochrome P450, family 71, subfamily A, polypeptide 13 (CYP71A13); CONTAINS InterPro DOMAIN/s: Cytochrome P450 (InterPro:IPR001128), Cytochrome P450, E-class, group I (InterPro:IPR002401), Cytochrome P450, conserved site (InterPro:IPR017972); BEST Arabidopsis thaliana protein match is: cytochrome P450, family 71, subfamily A, polypeptide 12 (TAIR:AT2G30750.1); Has 35333 Blast hits to 34131 proteins in 2444 species: Archae - 798; Bacteria - 22429; Metazoa - 974; Fungi - 991; Plants - 531; Viruses - 0; Other Eukaryotes - 9610 (source: NCBI BLink).",18.55,3.40,1.38129E-09,1.00885E-06,267567_at,#N/A,#N/A
AT3G55240,"Overexpression leads to PEL (Pseudo-Etiolation in Light) phenotype.FUNCTIONS IN: molecular_function unknown; INVOLVED IN: developmental process; LOCATED IN: endomembrane system; CONTAINS InterPro DOMAIN/s: Conserved hypothetical protein CHP01589, plant (InterPro:IPR006476); BEST Arabidopsis thaliana protein match is: Plant protein 1589 of unknown function (TAIR:AT3G28990.1); Has 220 Blast hits to 220 proteins in 21 species: Archae - 0; Bacteria - 0; Metazoa - 0; Fungi - 0; Plants - 215; Viruses - 0; Other Eukaryotes - 5 (source: NCBI BLink).",18.09,3.30,1.0953E-11,1.41535E-08,,#N/A,#N/A
AT2G07707,"Plant mitochondrial ATPase, F0 complex, subunit 8 protein; FUNCTIONS IN: cobalt ion binding; INVOLVED IN: ATP synthesis coupled proton transport; LOCATED IN: mitochondrion, vacuole, membrane; EXPRESSED IN: cultured cell, leaf; CONTAINS InterPro DOMAIN/s: ATPase, F0 complex, subunit 8, mitochondrial, plant (InterPro:IPR003319), Protein of unknown function DUF1082, plant mitochondria (InterPro:IPR009455); BEST Arabidopsis thaliana protein match is: Plant mitochondrial ATPase, F0 complex, subunit 8 protein (TAIR:ATMG00480.1); Has 226 Blast hits to 226 proteins in 79 species: Archae - 0; Bacteria - 0; Metazoa - 0; Fungi - 0; Plants - 218; Viruses - 0; Other Eukaryotes - 8 (source: NCBI BLink).",17.10,3.27,1E-15,1.707E-12,,#N/A,#N/A
AT1G15790,unknown protein; BEST Arabidopsis thaliana protein match is: unknown protein (TAIR:AT1G15780.1); Has 170 Blast hits to 94 proteins in 14 species: Archae - 0; Bacteria - 0; Metazoa - 0; Fungi - 0; Plants - 170; Viruses - 0; Other Eukaryotes - 0 (source: NCBI BLink).,17.36,3.23,1E-15,2.272E-12,259489_at,#N/A,#N/A
AT5G07010,"Encodes a sulfotransferase that acts specifically on 11- and 12-hydroxyjasmonic acid. Transcript levels for this enzyme are increased by treatments with jasmonic acid (JA), 12-hydroxyJA, JA-isoleucine, and 12-oxyphytodienoic acid (a JA precursor).sulfotransferase 2A (ST2A); CONTAINS InterPro DOMAIN/s: Sulfotransferase domain (InterPro:IPR000863); BEST Arabidopsis thaliana protein match is: sulfotransferase 2B (TAIR:AT5G07000.1); Has 30201 Blast hits to 17322 proteins in 780 species: Archae - 12; Bacteria - 1396; Metazoa - 17338; Fungi - 3422; Plants - 5037; Viruses - 0; Other Eukaryotes - 2996 (source: NCBI BLink).",16.80,3.23,0,4E-15,250662_at,218.9,64.75
AT5G62280,Protein of unknown function (DUF1442); CONTAINS InterPro DOMAIN/s: Protein of unknown function DUF1442 (InterPro:IPR009902); BEST Arabidopsis thaliana protein match is: Protein of unknown function (DUF1442) (TAIR:AT2G45360.1); Has 92 Blast hits to 92 proteins in 12 species: Archae - 0; Bacteria - 0; Metazoa - 0; Fungi - 0; Plants - 92; Viruses - 0; Other Eukaryotes - 0 (source: NCBI BLink).,18.66,3.18,3.63072E-08,1.71805E-05,247474_at,7.348,#N/A
AT4G21680,"Encodes a nitrate transporter (NRT1.8).  Functions in nitrate removal from the xylem sap. Mediates cadmium tolerance.NITRATE TRANSPORTER 1.8 (NRT1.8); FUNCTIONS IN: transporter activity, nitrate transmembrane transporter activity; INVOLVED IN: response to cadmium ion, oligopeptide transport, response to nitrate; LOCATED IN: plasma membrane, membrane; EXPRESSED IN: 9 plant structures; EXPRESSED DURING: LP.04 four leaves visible, 4 anthesis, petal differentiation and expansion stage; CONTAINS InterPro DOMAIN/s: Oligopeptide transporter (InterPro:IPR000109), Major facilitator superfamily, general substrate transporter (InterPro:IPR016196); BEST Arabidopsis thaliana protein match is: nitrate transporter 1.5 (TAIR:AT1G32450.1); Has 7448 Blast hits to 7020 proteins in 1418 species: Archae - 0; Bacteria - 3502; Metazoa - 786; Fungi - 405; Plants - 2210; Viruses - 0; Other Eukaryotes - 545 (source: NCBI BLink).",18.32,3.14,1.66593E-09,1.19086E-06,254396_at,#N/A,#N/A
AT2G45570,"member of CYP76Ccytochrome P450, family 76, subfamily C, polypeptide 2 (CYP76C2); FUNCTIONS IN: electron carrier activity, monooxygenase activity, iron ion binding, oxygen binding, heme binding; INVOLVED IN: oxidation reduction; EXPRESSED IN: stem, sepal, male gametophyte, carpel, stamen; EXPRESSED DURING: 4 anthesis; CONTAINS InterPro DOMAIN/s: Cytochrome P450 (InterPro:IPR001128), Cytochrome P450, E-class, group I (InterPro:IPR002401), Cytochrome P450, conserved site (InterPro:IPR017972); BEST Arabidopsis thaliana protein match is: cytochrome P450, family 76, subfamily C, polypeptide 4 (TAIR:AT2G45550.1); Has 34313 Blast hits to 34043 proteins in 1718 species: Archae - 48; Bacteria - 4021; Metazoa - 12101; Fungi - 7308; Plants - 9587; Viruses - 3; Other Eukaryotes - 1245 (source: NCBI BLink).",18.71,3.09,2.26463E-08,1.1528E-05,267559_at,#N/A,#N/A
AT1G09500,"similar to Eucalyptus gunnii alcohol dehydrogenase of unknown physiological function (GI:1143445), Vigna unguiculata (gi:1854445), NOT a cinnamyl-alcohol dehydrogenaseNAD(P)-binding Rossmann-fold superfamily protein; FUNCTIONS IN: alcohol dehydrogenase (NAD) activity, cinnamyl-alcohol dehydrogenase activity; INVOLVED IN: lignin biosynthetic process, cellular metabolic process, metabolic process; LOCATED IN: endomembrane system; EXPRESSED IN: 9 plant structures; EXPRESSED DURING: LP.06 six leaves visible, LP.04 four leaves visible, 4 anthesis, petal differentiation and expansion stage; CONTAINS InterPro DOMAIN/s: NAD-dependent epimerase/dehydratase (InterPro:IPR001509), NAD(P)-binding domain (InterPro:IPR016040); BEST Arabidopsis thaliana protein match is: NAD(P)-binding Rossmann-fold superfamily protein (TAIR:AT1G09510.1); Has 9627 Blast hits to 9614 proteins in 1666 species: Archae - 148; Bacteria - 3563; Metazoa - 355; Fungi - 930; Plants - 2402; Viruses - 50; Other Eukaryotes - 2179 (source: NCBI BLink).",18.42,2.93,7.49428E-09,4.29103E-06,264514_at,#N/A,#N/A
AT3G45060,"member of High affinity nitrate transporter familyhigh affinity nitrate transporter 2.6 (NRT2.6); FUNCTIONS IN: nitrate transmembrane transporter activity; INVOLVED IN: response to karrikin; LOCATED IN: plasma membrane, chloroplast; EXPRESSED IN: sepal, root, flower; EXPRESSED DURING: petal differentiation and expansion stage; CONTAINS InterPro DOMAIN/s: Major facilitator superfamily (InterPro:IPR020846), Major facilitator superfamily MFS-1 (InterPro:IPR011701), Major facilitator superfamily, general substrate transporter (InterPro:IPR016196); BEST Arabidopsis thaliana protein match is: nitrate transporter 2.3 (TAIR:AT5G60780.1); Has 6705 Blast hits to 6593 proteins in 1499 species: Archae - 65; Bacteria - 5860; Metazoa - 18; Fungi - 311; Plants - 270; Viruses - 0; Other Eukaryotes - 181 (source: NCBI BLink).",18.29,2.89,9.1697E-09,5.0504E-06,252604_at,#N/A,#N/A
AT3G46660,"UDP-glucosyl transferase 76E12 (UGT76E12); FUNCTIONS IN: quercetin 3-O-glucosyltransferase activity, UDP-glycosyltransferase activity, quercetin 7-O-glucosyltransferase activity, transferase activity, transferring glycosyl groups; INVOLVED IN: metabolic process; LOCATED IN: cellular_component unknown; EXPRESSED IN: 7 plant structures; EXPRESSED DURING: 4 anthesis, petal differentiation and expansion stage; CONTAINS InterPro DOMAIN/s: UDP-glucuronosyl/UDP-glucosyltransferase (InterPro:IPR002213); BEST Arabidopsis thaliana protein match is: UDP-glucosyl transferase 76E11 (TAIR:AT3G46670.1); Has 7938 Blast hits to 7861 proteins in 449 species: Archae - 0; Bacteria - 456; Metazoa - 2216; Fungi - 28; Plants - 5081; Viruses - 98; Other Eukaryotes - 59 (source: NCBI BLink).",17.16,2.89,1.5E-13,2.64752E-10,252487_at,#N/A,#N/A
AT1G06080,"homologous to delta 9 acyl-lipid desaturases of cyanobacteria and acyl-CoA desaturases of yeast and mammals. expression down-regulated by cold temperature.delta 9 desaturase 1 (ADS1); FUNCTIONS IN: oxidoreductase activity, oxidoreductase activity, acting on paired donors, with oxidation of a pair of donors resulting in the reduction of molecular oxygen to two molecules of water; INVOLVED IN: oxidation reduction, lipid metabolic process; EXPRESSED IN: 17 plant structures; EXPRESSED DURING: 13 growth stages; CONTAINS InterPro DOMAIN/s: Fatty acid desaturase, type 1, core (InterPro:IPR015876), Fatty acid desaturase, type 1 (InterPro:IPR005804); BEST Arabidopsis thaliana protein match is: 16:0delta9 desaturase 2 (TAIR:AT2G31360.1); Has 3455 Blast hits to 3455 proteins in 832 species: Archae - 0; Bacteria - 1551; Metazoa - 796; Fungi - 234; Plants - 106; Viruses - 4; Other Eukaryotes - 764 (source: NCBI BLink).",15.28,2.85,0,0,260957_at,#N/A,#N/A
AT5G64120,"encodes a cell wall bound peroxidase that is induced by hypo-osmolarityPeroxidase superfamily protein; FUNCTIONS IN: peroxidase activity; INVOLVED IN: defense response to fungus, N-terminal protein myristoylation, respiratory burst; LOCATED IN: apoplast, cell wall, membrane; EXPRESSED IN: 17 plant structures; EXPRESSED DURING: 10 growth stages; CONTAINS InterPro DOMAIN/s: Haem peroxidase (InterPro:IPR010255), Plant peroxidase (InterPro:IPR000823), Peroxidases heam-ligand binding site (InterPro:IPR019793), Haem peroxidase, plant/fungal/bacterial (InterPro:IPR002016), Peroxidase, active site (InterPro:IPR019794); BEST Arabidopsis thaliana protein match is: Peroxidase superfamily protein (TAIR:AT5G39580.1); Has 1807 Blast hits to 1807 proteins in 277 species: Archae - 0; Bacteria - 0; Metazoa - 736; Fungi - 347; Plants - 385; Viruses - 0; Other Eukaryotes - 339 (source: NCBI BLink).",18.85,2.81,1.67292E-06,0.000545679,247327_at,#N/A,#N/A
AT2G29350,"senescence-associated gene SAG13 encoding a short-chain alcohol dehydrogenasesenescence-associated gene 13 (SAG13); CONTAINS InterPro DOMAIN/s: Short-chain dehydrogenase/reductase, conserved site (InterPro:IPR020904), NAD(P)-binding domain (InterPro:IPR016040), Glucose/ribitol dehydrogenase (InterPro:IPR002347), Short-chain dehydrogenase/reductase SDR (InterPro:IPR002198); BEST Arabidopsis thaliana protein match is: NAD(P)-binding Rossmann-fold superfamily protein (TAIR:AT2G29290.2); Has 124599 Blast hits to 124224 proteins in 3643 species: Archae - 998; Bacteria - 81817; Metazoa - 5872; Fungi - 6443; Plants - 2971; Viruses - 5; Other Eukaryotes - 26493 (source: NCBI BLink).",17.51,2.77,1.1696E-11,1.45536E-08,266292_at,#N/A,#N/A
AT3G46658,"Potential natural antisense gene, locus overlaps with AT3G46660",17.10,2.76,3.52E-13,5.92113E-10,,#N/A,#N/A
AT2G38380,"Peroxidase superfamily protein; FUNCTIONS IN: peroxidase activity, heme binding; INVOLVED IN: response to zinc ion, response to salt stress; LOCATED IN: plant-type cell wall; EXPRESSED IN: stem, root; CONTAINS InterPro DOMAIN/s: Haem peroxidase (InterPro:IPR010255), Plant peroxidase (InterPro:IPR000823), Peroxidases heam-ligand binding site (InterPro:IPR019793), Peroxidase, active site (InterPro:IPR019794), Haem peroxidase, plant/fungal/bacterial (InterPro:IPR002016); BEST Arabidopsis thaliana protein match is: Peroxidase superfamily protein (TAIR:AT2G38390.1); Has 4386 Blast hits to 4361 proteins in 262 species: Archae - 0; Bacteria - 0; Metazoa - 1; Fungi - 86; Plants - 4250; Viruses - 0; Other Eukaryotes - 49 (source: NCBI BLink).",17.77,2.76,1.74033E-08,9.28095E-06,,#N/A,#N/A
AT3G25905,Member of a large family of putative ligands homologous to the Clavata3 gene.  Consists of a single exon.CLAVATA3/ESR-RELATED 27 (CLE27); Has 9 Blast hits to 9 proteins in 4 species: Archae - 0; Bacteria - 0; Metazoa - 0; Fungi - 0; Plants - 9; Viruses - 0; Other Eukaryotes - 0 (source: NCBI BLink).,17.87,2.75,2.53141E-08,1.26937E-05,258082_at,#N/A,#N/A
AT1G15800,unknown protein; BEST Arabidopsis thaliana protein match is: unknown protein (TAIR:AT1G80610.1); Has 56 Blast hits to 52 proteins in 9 species: Archae - 0; Bacteria - 0; Metazoa - 0; Fungi - 0; Plants - 56; Viruses - 0; Other Eukaryotes - 0 (source: NCBI BLink).,16.69,2.66,1.6E-14,3.4492E-11,,#N/A,#N/A
AT2G33380,"Encodes a calcium binding protein whose mRNA is induced upon treatment with NaCl, ABA and in response to dessication.  mRNA expression under drought conditions is apparent particularly in leaves and flowers. Isoform of caleosin with a role as a peroxygenase involved in oxylipin metabolism during biotic and abiotic stress.RESPONSIVE TO DESSICATION 20 (RD20); FUNCTIONS IN: lipoxygenase activity, calcium ion binding; INVOLVED IN: in 7 processes; LOCATED IN: chloroplast membrane, microsome, vacuole; EXPRESSED IN: 21 plant structures; EXPRESSED DURING: 13 growth stages; CONTAINS InterPro DOMAIN/s: Caleosin related (InterPro:IPR007736); BEST Arabidopsis thaliana protein match is: seed gene 1 (TAIR:AT4G26740.1); Has 344 Blast hits to 339 proteins in 61 species: Archae - 0; Bacteria - 0; Metazoa - 0; Fungi - 60; Plants - 279; Viruses - 0; Other Eukaryotes - 5 (source: NCBI BLink).",15.47,2.44,0,7.4E-14,255795_at,#N/A,#N/A
AT5G61820,FUNCTIONS IN: molecular_function unknown; INVOLVED IN: biological_process unknown; LOCATED IN: vacuole; EXPRESSED IN: 24 plant structures; EXPRESSED DURING: 15 growth stages; CONTAINS InterPro DOMAIN/s: Stress up-regulated Nod 19 (InterPro:IPR011692); Has 30201 Blast hits to 17322 proteins in 780 species: Archae - 12; Bacteria - 1396; Metazoa - 17338; Fungi - 3422; Plants - 5037; Viruses - 0; Other Eukaryotes - 2996 (source: NCBI BLink).,16.02,2.31,4.3E-14,8.0777E-11,247488_at,#N/A,#N/A
AT5G13330,"encodes a member of the ERF (ethylene response factor) subfamily B-4 of ERF/AP2 transcription factor family. The protein contains one AP2 domain. There are 7 members in this subfamily.related to AP2 6l (Rap2.6L); FUNCTIONS IN: DNA binding, sequence-specific DNA binding transcription factor activity; INVOLVED IN: regulation of transcription, DNA-dependent; LOCATED IN: nucleus; EXPRESSED IN: 11 plant structures; EXPRESSED DURING: LP.04 four leaves visible, 4 anthesis, C globular stage, petal differentiation and expansion stage, E expanded cotyledon stage; CONTAINS InterPro DOMAIN/s: DNA-binding, integrase-type (InterPro:IPR016177), Pathogenesis-related transcriptional factor/ERF, DNA-binding (InterPro:IPR001471); BEST Arabidopsis thaliana protein match is: Integrase-type DNA-binding superfamily protein (TAIR:AT5G61890.1); Has 1807 Blast hits to 1807 proteins in 277 species: Archae - 0; Bacteria - 0; Metazoa - 736; Fungi - 347; Plants - 385; Viruses - 0; Other Eukaryotes - 339 (source: NCBI BLink).",17.84,2.25,3.21676E-07,0.000128659,250287_at,#N/A,#N/A
AT4G02380,"Encodes AtLEA5 (late embryogenesis abundant like protein).  Also known as SENESCENCE-ASSOCIATED GENE 21 (SAG21).  Has a role on oxidative stress tolerance. mRNA levels are elevated in response to various stresses.senescence-associated gene 21 (SAG21); CONTAINS InterPro DOMAIN/s: Late embryogenesis abundant protein, group 3 (InterPro:IPR004926); BEST Arabidopsis thaliana protein match is: Late embryogenesis abundant 3 (LEA3) family protein (TAIR:AT1G02820.1); Has 181 Blast hits to 176 proteins in 36 species: Archae - 0; Bacteria - 0; Metazoa - 0; Fungi - 0; Plants - 181; Viruses - 0; Other Eukaryotes - 0 (source: NCBI BLink).",17.30,2.24,7.53552E-09,4.29103E-06,255479_at,#N/A,#N/A
AT5G18020,SAUR-like auxin-responsive protein family ; CONTAINS InterPro DOMAIN/s: Auxin responsive SAUR protein (InterPro:IPR003676); BEST Arabidopsis thaliana protein match is: SAUR-like auxin-responsive protein family  (TAIR:AT5G18080.1); Has 1807 Blast hits to 1807 proteins in 277 species: Archae - 0; Bacteria - 0; Metazoa - 736; Fungi - 347; Plants - 385; Viruses - 0; Other Eukaryotes - 339 (source: NCBI BLink).,17.55,2.23,2.53496E-07,0.000102611,,#N/A,#N/A
AT2G07708,unknown protein; BEST Arabidopsis thaliana protein match is: unknown protein (TAIR:ATMG00500.1); Has 9 Blast hits to 9 proteins in 2 species: Archae - 0; Bacteria - 0; Metazoa - 0; Fungi - 0; Plants - 9; Viruses - 0; Other Eukaryotes - 0 (source: NCBI BLink).,16.36,2.23,3.7277E-11,4.17461E-08,,#N/A,#N/A
AT5G26340,"Encodes a protein with high affinity, hexose-specific/H+ symporter activity. The activity of the transporter appears to be negatively regulated by phosphorylation. Importantly, microarray analysis, as well as the study of the expression of this gene in mutants involved in programmed cell death (PCD) demonstrated a tight correlation between this gene's expression and PCD.MSS1; FUNCTIONS IN: carbohydrate transmembrane transporter activity, high-affinity hydrogen:glucose symporter activity, sugar:hydrogen symporter activity, hexose:hydrogen symporter activity; INVOLVED IN: response to salt stress, apoptosis, phosphorylation; LOCATED IN: plasma membrane, membrane; EXPRESSED IN: 22 plant structures; EXPRESSED DURING: 10 growth stages; CONTAINS InterPro DOMAIN/s: Sugar transporter, conserved site (InterPro:IPR005829), Major facilitator superfamily (InterPro:IPR020846), General substrate transporter (InterPro:IPR005828), Sugar/inositol transporter (InterPro:IPR003663), Major facilitator superfamily, general substrate transporter (InterPro:IPR016196); BEST Arabidopsis thaliana protein match is: sugar transporter protein 7 (TAIR:AT4G02050.1); Has 1807 Blast hits to 1807 proteins in 277 species: Archae - 0; Bacteria - 0; Metazoa - 736; Fungi - 347; Plants - 385; Viruses - 0; Other Eukaryotes - 339 (source: NCBI BLink).",16.50,2.08,2.05053E-10,1.81294E-07,246831_at,#N/A,#N/A
AT4G01870,"tolB protein-related; FUNCTIONS IN: molecular_function unknown; INVOLVED IN: response to cyclopentenone; LOCATED IN: membrane; EXPRESSED IN: 22 plant structures; EXPRESSED DURING: 13 growth stages; CONTAINS InterPro DOMAIN/s: WD40-like Beta Propeller (InterPro:IPR011659), Peptidase S9B, dipeptidylpeptidase IV N-terminal (InterPro:IPR002469), Six-bladed beta-propeller, TolB-like (InterPro:IPR011042); BEST Arabidopsis thaliana protein match is: DPP6 N-terminal domain-like protein (TAIR:AT1G21680.1); Has 6090 Blast hits to 4220 proteins in 1098 species: Archae - 42; Bacteria - 3414; Metazoa - 20; Fungi - 42; Plants - 120; Viruses - 0; Other Eukaryotes - 2452 (source: NCBI BLink).",16.74,2.00,5.00254E-09,3.17114E-06,255543_at,#N/A,#N/A
AT4G16780,"Encodes a homeodomain-leucine zipper protein that is rapidly and strongly induced by changes in the ratio of red to far-red light.  It is also involved in cell expansion and cell proliferation and in the response to auxin.homeobox protein 2 (HB-2); CONTAINS InterPro DOMAIN/s: HD-ZIP protein, N-terminal (InterPro:IPR006712), Helix-turn-helix motif, lambda-like repressor (InterPro:IPR000047), Homeobox (InterPro:IPR001356), Homeobox, conserved site (InterPro:IPR017970), Homeodomain-like (InterPro:IPR009057), Leucine zipper, homeobox-associated (InterPro:IPR003106), Homeodomain-related (InterPro:IPR012287); BEST Arabidopsis thaliana protein match is: Homeobox-leucine zipper protein 4 (HB-4) / HD-ZIP protein (TAIR:AT5G47370.1); Has 7230 Blast hits to 7123 proteins in 465 species: Archae - 0; Bacteria - 0; Metazoa - 4716; Fungi - 327; Plants - 2046; Viruses - 18; Other Eukaryotes - 123 (source: NCBI BLink).",17.43,1.98,1.16689E-06,0.000395999,245276_at,29.53,9.483
AT3G15540,"Primary auxin-responsive gene. Involved in the regulation stamen filaments development.indole-3-acetic acid inducible 19 (IAA19); FUNCTIONS IN: sequence-specific DNA binding transcription factor activity; INVOLVED IN: phototropism, gravitropism, response to auxin stimulus, response to brassinosteroid stimulus, stamen filament development; LOCATED IN: nucleus; EXPRESSED IN: 22 plant structures; EXPRESSED DURING: 13 growth stages; CONTAINS InterPro DOMAIN/s: Aux/IAA-ARF-dimerisation (InterPro:IPR011525), AUX/IAA protein (InterPro:IPR003311); BEST Arabidopsis thaliana protein match is: indole-3-acetic acid 6 (TAIR:AT1G52830.1); Has 1781 Blast hits to 1780 proteins in 79 species: Archae - 0; Bacteria - 0; Metazoa - 0; Fungi - 0; Plants - 1780; Viruses - 0; Other Eukaryotes - 1 (source: NCBI BLink).",17.04,1.97,7.54616E-08,3.47299E-05,258399_at,15.48,6.217
AT2G39980,"HXXXD-type acyl-transferase family protein; FUNCTIONS IN: transferase activity, transferring acyl groups other than amino-acyl groups, transferase activity; INVOLVED IN: response to karrikin; LOCATED IN: cellular_component unknown; EXPRESSED IN: 17 plant structures; EXPRESSED DURING: 10 growth stages; CONTAINS InterPro DOMAIN/s: Transferase (InterPro:IPR003480); BEST Arabidopsis thaliana protein match is: HXXXD-type acyl-transferase family protein (TAIR:AT5G01210.1); Has 2459 Blast hits to 2362 proteins in 147 species: Archae - 0; Bacteria - 2; Metazoa - 0; Fungi - 105; Plants - 2350; Viruses - 0; Other Eukaryotes - 2 (source: NCBI BLink).",17.28,1.95,8.17251E-07,0.000286012,267337_at,#N/A,#N/A
AT2G39725,LYR family of Fe/S cluster biogenesis protein; FUNCTIONS IN: catalytic activity; LOCATED IN: mitochondrion; EXPRESSED IN: 23 plant structures; EXPRESSED DURING: 15 growth stages; CONTAINS InterPro DOMAIN/s: Complex 1 LYR protein (InterPro:IPR008011); Has 162 Blast hits to 162 proteins in 89 species: Archae - 0; Bacteria - 0; Metazoa - 39; Fungi - 70; Plants - 45; Viruses - 0; Other Eukaryotes - 8 (source: NCBI BLink).,17.23,1.94,6.86493E-07,0.000259147,245064_at,#N/A,#N/A
AT5G45820,"Encodes a CBL-interacting serine/threonine protein kinase comprised of an N-terminal kinase catalytic domain similar to SNF1/AMPK and a unique C-terminal regulatory domain.CBL-interacting protein kinase 20 (CIPK20); CONTAINS InterPro DOMAIN/s: Protein kinase, ATP binding site (InterPro:IPR017441), Serine/threonine-protein kinase domain (InterPro:IPR002290), NAF/FISL domain (InterPro:IPR018451), Serine/threonine-protein kinase-like domain (InterPro:IPR017442), Protein kinase-like domain (InterPro:IPR011009), Serine/threonine-protein kinase, active site (InterPro:IPR008271), NAF domain (InterPro:IPR004041), CBL-interacting protein kinase (InterPro:IPR020660), Protein kinase, catalytic domain (InterPro:IPR000719), Calcium/calmodulin-dependent protein kinase-like (InterPro:IPR020636); BEST Arabidopsis thaliana protein match is: SOS3-interacting protein 1 (TAIR:AT5G58380.1); Has 132772 Blast hits to 130743 proteins in 4620 species: Archae - 210; Bacteria - 15587; Metazoa - 48907; Fungi - 13398; Plants - 32037; Viruses - 531; Other Eukaryotes - 22102 (source: NCBI BLink).",17.30,1.91,1.81858E-06,0.000587488,248910_at,#N/A,#N/A
AT1G12080,Vacuolar calcium-binding protein-related; Has 7161 Blast hits to 3135 proteins in 433 species: Archae - 55; Bacteria - 867; Metazoa - 2008; Fungi - 476; Plants - 327; Viruses - 233; Other Eukaryotes - 3195 (source: NCBI BLink).,15.33,1.88,1.6815E-11,2.01763E-08,264342_at,#N/A,#N/A
AT5G57770,"CONTAINS InterPro DOMAIN/s: Pleckstrin-like, plant (InterPro:IPR013666), Protein of unknown function DUF828 (InterPro:IPR008546); BEST Arabidopsis thaliana protein match is: Plant protein of unknown function (DUF828) with plant pleckstrin homology-like region (TAIR:AT3G22810.1); Has 171 Blast hits to 171 proteins in 15 species: Archae - 0; Bacteria - 2; Metazoa - 0; Fungi - 0; Plants - 169; Viruses - 0; Other Eukaryotes - 0 (source: NCBI BLink).",16.32,1.82,1.85721E-08,9.59948E-06,247879_at,#N/A,#N/A
AT5G02760,"Protein phosphatase 2C family protein; FUNCTIONS IN: protein serine/threonine phosphatase activity, catalytic activity; INVOLVED IN: protein amino acid dephosphorylation; LOCATED IN: protein serine/threonine phosphatase complex; EXPRESSED IN: 15 plant structures; EXPRESSED DURING: 10 growth stages; CONTAINS InterPro DOMAIN/s: Protein phosphatase 2C,  manganese/magnesium aspartate binding site (InterPro:IPR000222), Protein phosphatase 2C-related (InterPro:IPR001932), Protein phosphatase 2C (InterPro:IPR015655), Protein phosphatase 2C, N-terminal (InterPro:IPR014045); BEST Arabidopsis thaliana protein match is: Protein phosphatase 2C family protein (TAIR:AT3G12620.2); Has 5768 Blast hits to 5765 proteins in 291 species: Archae - 2; Bacteria - 14; Metazoa - 1526; Fungi - 593; Plants - 2621; Viruses - 2; Other Eukaryotes - 1010 (source: NCBI BLink).",14.87,1.80,1.0422E-11,1.40059E-08,251017_at,3.344,30.7
AT5G57760,unknown protein; Has 5 Blast hits to 5 proteins in 2 species: Archae - 0; Bacteria - 0; Metazoa - 0; Fungi - 0; Plants - 5; Viruses - 0; Other Eukaryotes - 0 (source: NCBI BLink).,16.25,1.77,3.12677E-08,1.52246E-05,247878_at,#N/A,#N/A
AT5G02540,"NAD(P)-binding Rossmann-fold superfamily protein; FUNCTIONS IN: oxidoreductase activity, binding, catalytic activity; INVOLVED IN: oxidation reduction, metabolic process; EXPRESSED IN: 22 plant structures; EXPRESSED DURING: 13 growth stages; CONTAINS InterPro DOMAIN/s: NAD(P)-binding domain (InterPro:IPR016040), Glucose/ribitol dehydrogenase (InterPro:IPR002347), Short-chain dehydrogenase/reductase SDR (InterPro:IPR002198); BEST Arabidopsis thaliana protein match is: NAD(P)-binding Rossmann-fold superfamily protein (TAIR:AT2G37540.1); Has 30201 Blast hits to 17322 proteins in 780 species: Archae - 12; Bacteria - 1396; Metazoa - 17338; Fungi - 3422; Plants - 5037; Viruses - 0; Other Eukaryotes - 2996 (source: NCBI BLink).",15.68,1.77,8.13153E-10,6.15807E-07,251013_at,10.74,#N/A
AT5G20230,"Al-stress-induced geneblue-copper-binding protein (BCB); FUNCTIONS IN: electron carrier activity, copper ion binding; INVOLVED IN: response to oxidative stress, response to salt stress, aluminum ion transport, response to wounding, response to absence of light; LOCATED IN: anchored to plasma membrane, plasma membrane, vacuole, anchored to membrane; EXPRESSED IN: 24 plant structures; EXPRESSED DURING: 12 growth stages; CONTAINS InterPro DOMAIN/s: Plastocyanin-like (InterPro:IPR003245), Cupredoxin (InterPro:IPR008972), Blue (type 1) copper domain (InterPro:IPR000923); BEST Arabidopsis thaliana protein match is: Cupredoxin superfamily protein (TAIR:AT1G72230.1); Has 2817 Blast hits to 1998 proteins in 202 species: Archae - 2; Bacteria - 847; Metazoa - 51; Fungi - 106; Plants - 1463; Viruses - 11; Other Eukaryotes - 337 (source: NCBI BLink).",16.21,1.74,1.50345E-08,8.14699E-06,246099_at,#N/A,#N/A
AT2G22470,Encodes arabinogalactan-protein (AGP2).arabinogalactan protein 2 (AGP2); BEST Arabidopsis thaliana protein match is: arabinogalactan protein 3 (TAIR:AT4G40090.1); Has 40526 Blast hits to 18637 proteins in 1352 species: Archae - 307; Bacteria - 12509; Metazoa - 8294; Fungi - 3358; Plants - 6174; Viruses - 1616; Other Eukaryotes - 8268 (source: NCBI BLink).,16.89,1.71,5.64261E-07,0.000220436,264005_at,#N/A,#N/A
AT3G23030,"auxin inducible gene expressed in the nucleusindole-3-acetic acid inducible 2 (IAA2); CONTAINS InterPro DOMAIN/s: Aux/IAA-ARF-dimerisation (InterPro:IPR011525), AUX/IAA protein (InterPro:IPR003311); BEST Arabidopsis thaliana protein match is: indole-3-acetic acid inducible (TAIR:AT4G14560.1); Has 2163 Blast hits to 2162 proteins in 79 species: Archae - 0; Bacteria - 0; Metazoa - 0; Fungi - 0; Plants - 2162; Viruses - 0; Other Eukaryotes - 1 (source: NCBI BLink).",14.96,1.63,7.18315E-10,5.69329E-07,257766_at,6.184,4.326
AT5G05600,"2-oxoglutarate (2OG) and Fe(II)-dependent oxygenase superfamily protein; FUNCTIONS IN: oxidoreductase activity, iron ion binding; INVOLVED IN: response to salt stress, response to karrikin; EXPRESSED IN: 15 plant structures; EXPRESSED DURING: 9 growth stages; CONTAINS InterPro DOMAIN/s: Isopenicillin N synthase (InterPro:IPR002283), Oxoglutarate/iron-dependent oxygenase (InterPro:IPR005123); BEST Arabidopsis thaliana protein match is: 2-oxoglutarate (2OG) and Fe(II)-dependent oxygenase superfamily protein (TAIR:AT3G11180.1); Has 1807 Blast hits to 1807 proteins in 277 species: Archae - 0; Bacteria - 0; Metazoa - 736; Fungi - 347; Plants - 385; Viruses - 0; Other Eukaryotes - 339 (source: NCBI BLink).",16.12,1.62,1.54373E-07,6.40303E-05,250793_at,#N/A,#N/A
AT1G17420,"Lipoxygenaselipoxygenase 3 (LOX3); FUNCTIONS IN: oxidoreductase activity, acting on single donors with incorporation of molecular oxygen, incorporation of two atoms of oxygen, lipoxygenase activity, iron ion binding, metal ion binding; INVOLVED IN: growth, response to fungus, jasmonic acid biosynthetic process, response to wounding, defense response; LOCATED IN: chloroplast; EXPRESSED IN: 22 plant structures; EXPRESSED DURING: 12 growth stages; CONTAINS InterPro DOMAIN/s: Lipoxygenase, iron binding site (InterPro:IPR020833), Lipoxygenase, C-terminal (InterPro:IPR013819), Lipoxygenase, LH2 (InterPro:IPR001024), Lipase/lipooxygenase, PLAT/LH2 (InterPro:IPR008976), Lipoxygenase, conserved site (InterPro:IPR020834), Lipoxygenase (InterPro:IPR000907), Lipoxygenase, plant (InterPro:IPR001246); BEST Arabidopsis thaliana protein match is: PLAT/LH2 domain-containing lipoxygenase family protein (TAIR:AT1G72520.1); Has 1470 Blast hits to 1436 proteins in 179 species: Archae - 0; Bacteria - 76; Metazoa - 529; Fungi - 49; Plants - 787; Viruses - 0; Other Eukaryotes - 29 (source: NCBI BLink).",15.52,1.62,6.18592E-09,3.71122E-06,261037_at,#N/A,#N/A
AT5G46730,glycine-rich protein; FUNCTIONS IN: molecular_function unknown; INVOLVED IN: biological_process unknown; LOCATED IN: endomembrane system; EXPRESSED IN: 21 plant structures; EXPRESSED DURING: 13 growth stages; Has 448555 Blast hits to 73639 proteins in 3057 species: Archae - 1103; Bacteria - 116328; Metazoa - 161151; Fungi - 31669; Plants - 45641; Viruses - 5898; Other Eukaryotes - 86765 (source: NCBI BLink).,15.23,1.62,6.11279E-09,3.71122E-06,248862_at,#N/A,#N/A
AT2G37180,"a member of the plasma membrane intrinsic protein PIP2. functions as aquaporin and is involved in dessication.RESPONSIVE TO DESICCATION 28 (RD28); FUNCTIONS IN: water channel activity; INVOLVED IN: response to desiccation, response to water deprivation, transport, response to osmotic stress; LOCATED IN: plasma membrane, membrane; EXPRESSED IN: shoot, root, flower, cultured cell, leaf; CONTAINS InterPro DOMAIN/s: Major intrinsic protein, conserved site (InterPro:IPR022357), Aquaporin (InterPro:IPR012269), Major intrinsic protein (InterPro:IPR000425); BEST Arabidopsis thaliana protein match is: plasma membrane intrinsic protein 2 (TAIR:AT2G37170.1); Has 10809 Blast hits to 10795 proteins in 2215 species: Archae - 81; Bacteria - 5139; Metazoa - 1474; Fungi - 455; Plants - 2518; Viruses - 2; Other Eukaryotes - 1140 (source: NCBI BLink).",15.44,1.56,3.07132E-08,1.51746E-05,,#N/A,#N/A
AT4G34710,"encodes a arginine decarboxylase (ADC), a rate-limiting enzyme that catalyzes the first step of polyamine (PA) biosynthesis via ADC pathway in Arabidopsis thaliana. Arabidopsis genome has two ADC paralogs, ADC1 and ADC2. ADC2 is stress-inducible (osmotic stress). Double mutant analysis showed that ADC genes are essential for the production of PA, and are required for normal seed development. Overexpression causes phenotypes similar to GA-deficient plants and these plants show reduced levels of GA due to lower expression levels of AtGA20ox1, AtGA3ox3 and AtGA3ox1.arginine decarboxylase 2 (ADC2); CONTAINS InterPro DOMAIN/s: Orn/DAP/Arg decarboxylase 2, C-terminal (InterPro:IPR022643), Orn/DAP/Arg decarboxylase 2, conserved site (InterPro:IPR022657), Orn/DAP/Arg decarboxylase 2, pyridoxal-phosphate binding site (InterPro:IPR022653), Ornithine/DAP/Arg decarboxylase (InterPro:IPR000183), Arginine decarboxylase (InterPro:IPR002985), Orn/DAP/Arg decarboxylase 2, N-terminal (InterPro:IPR022644); BEST Arabidopsis thaliana protein match is: arginine decarboxylase 1 (TAIR:AT2G16500.1); Has 7853 Blast hits to 7777 proteins in 2122 species: Archae - 112; Bacteria - 5255; Metazoa - 102; Fungi - 32; Plants - 645; Viruses - 2; Other Eukaryotes - 1705 (source: NCBI BLink).",12.93,1.51,4.3363E-11,4.69955E-08,253203_at,#N/A,#N/A
AT5G12050,unknown protein; BEST Arabidopsis thaliana protein match is: unknown protein (TAIR:AT3G13980.1); Has 1807 Blast hits to 1807 proteins in 277 species: Archae - 0; Bacteria - 0; Metazoa - 736; Fungi - 347; Plants - 385; Viruses - 0; Other Eukaryotes - 339 (source: NCBI BLink).,16.10,1.50,1.25885E-06,0.000422937,250327_at,4.6,10.76
AT4G23600,"Encodes cystine lyase which is expected to be involved in amino acid metabolism, providing the plant with cysteine and the generation of precursors of ethylene biosynthesis.  mRNA levels are elevated in response to wounding.CORONATINE INDUCED 1 (CORI3); FUNCTIONS IN: cystathionine beta-lyase activity, transaminase activity; INVOLVED IN: in 8 processes; LOCATED IN: apoplast, vacuole; EXPRESSED IN: 18 plant structures; EXPRESSED DURING: 14 growth stages; CONTAINS InterPro DOMAIN/s: 1-aminocyclopropane-1-carboxylate synthase (InterPro:IPR001176), Pyridoxal phosphate-dependent transferase, major domain (InterPro:IPR015424), Aminotransferase, class I/classII (InterPro:IPR004839), Tyrosine transaminase (InterPro:IPR021178), Tyrosine/nicotianamine aminotransferase (InterPro:IPR005958), Pyridoxal phosphate-dependent transferase, major region, subdomain 1 (InterPro:IPR015421); BEST Arabidopsis thaliana protein match is: Tyrosine transaminase family protein (TAIR:AT4G23590.1); Has 36474 Blast hits to 36468 proteins in 2971 species: Archae - 924; Bacteria - 25970; Metazoa - 732; Fungi - 654; Plants - 1240; Viruses - 0; Other Eukaryotes - 6954 (source: NCBI BLink).",13.92,1.50,4.48121E-10,3.76388E-07,254232_at,#N/A,#N/A
AT2G42540,"A cold-regulated gene whose product is targeted to the chloroplast. Cor15am  protects stromal proteins from aggregation under various stress conditions. Constitutive expression increases freezing tolerance in protoplasts in vitro and chloroplasts in vivo. NMR and x-ray diffraction studies suggest that COR15a alters the intrinsic curvature of the inner membrane of chloroplast envelope.  Late Embryogenesis abundant protein (LEA).cold-regulated 15a (COR15A); FUNCTIONS IN: molecular_function unknown; INVOLVED IN: in 9 processes; LOCATED IN: chloroplast stroma, chloroplast, chloroplast envelope; EXPRESSED IN: 21 plant structures; EXPRESSED DURING: 13 growth stages; BEST Arabidopsis thaliana protein match is: cold regulated 15b (TAIR:AT2G42530.1); Has 189 Blast hits to 128 proteins in 40 species: Archae - 0; Bacteria - 9; Metazoa - 3; Fungi - 13; Plants - 155; Viruses - 0; Other Eukaryotes - 9 (source: NCBI BLink).",13.66,1.46,7.2867E-10,5.69329E-07,263497_at,#N/A,#N/A
AT5G57660,"CONSTANS-like 5 (COL5); FUNCTIONS IN: sequence-specific DNA binding transcription factor activity, zinc ion binding; INVOLVED IN: regulation of transcription; LOCATED IN: intracellular; EXPRESSED IN: 23 plant structures; EXPRESSED DURING: 13 growth stages; CONTAINS InterPro DOMAIN/s: CCT domain (InterPro:IPR010402), Zinc finger, B-box (InterPro:IPR000315); BEST Arabidopsis thaliana protein match is: CONSTANS-like 4 (TAIR:AT5G24930.1); Has 30201 Blast hits to 17322 proteins in 780 species: Archae - 12; Bacteria - 1396; Metazoa - 17338; Fungi - 3422; Plants - 5037; Viruses - 0; Other Eukaryotes - 2996 (source: NCBI BLink).",14.11,1.44,3.76303E-09,2.52853E-06,247921_at,#N/A,#N/A
AT5G24780,"encodes an acid phosphatase similar to soybean vegetative storage proteins. Gene expression is induced by wounding and jasmonic acid.vegetative storage protein 1 (VSP1); FUNCTIONS IN: transcription factor binding, acid phosphatase activity; INVOLVED IN: response to jasmonic acid stimulus, response to wounding, defense response; LOCATED IN: vacuole; EXPRESSED IN: fruit, gynoecium, valve; CONTAINS InterPro DOMAIN/s: Acid phosphatase (Class B) (InterPro:IPR005519), Vegetative storage protein/acid phosphatase (InterPro:IPR014403), Acid phosphatase, plant (InterPro:IPR010028); BEST Arabidopsis thaliana protein match is: vegetative storage protein 2 (TAIR:AT5G24770.1); Has 30201 Blast hits to 17322 proteins in 780 species: Archae - 12; Bacteria - 1396; Metazoa - 17338; Fungi - 3422; Plants - 5037; Viruses - 0; Other Eukaryotes - 2996 (source: NCBI BLink).",13.90,1.40,4.62365E-09,2.98732E-06,,#N/A,#N/A
AT5G22580,"Stress responsive A/B Barrel Domain; FUNCTIONS IN: molecular_function unknown; INVOLVED IN: biological_process unknown; LOCATED IN: chloroplast; EXPRESSED IN: 22 plant structures; EXPRESSED DURING: 13 growth stages; CONTAINS InterPro DOMAIN/s: Stress responsive alpha-beta barrel (InterPro:IPR013097), Dimeric alpha-beta barrel (InterPro:IPR011008); BEST Arabidopsis thaliana protein match is: heat stable protein 1 (TAIR:AT3G17210.1); Has 30201 Blast hits to 17322 proteins in 780 species: Archae - 12; Bacteria - 1396; Metazoa - 17338; Fungi - 3422; Plants - 5037; Viruses - 0; Other Eukaryotes - 2996 (source: NCBI BLink).",13.68,1.37,8.33974E-09,4.66984E-06,249894_at,#N/A,#N/A
AT3G28220,"TRAF-like family protein; FUNCTIONS IN: molecular_function unknown; INVOLVED IN: response to salt stress; LOCATED IN: vacuole, chloroplast envelope; EXPRESSED IN: 19 plant structures; EXPRESSED DURING: 13 growth stages; CONTAINS InterPro DOMAIN/s: TRAF-like (InterPro:IPR008974), MATH (InterPro:IPR002083); BEST Arabidopsis thaliana protein match is: TRAF-like family protein (TAIR:AT1G58270.1); Has 1242 Blast hits to 999 proteins in 83 species: Archae - 0; Bacteria - 0; Metazoa - 320; Fungi - 0; Plants - 865; Viruses - 0; Other Eukaryotes - 57 (source: NCBI BLink).",14.55,1.32,9.86717E-08,4.36194E-05,256577_at,#N/A,#N/A
AT3G23450,unknown protein; FUNCTIONS IN: molecular_function unknown; INVOLVED IN: biological_process unknown; LOCATED IN: endomembrane system; EXPRESSED IN: 14 plant structures; EXPRESSED DURING: 8 growth stages; Has 694543 Blast hits to 47111 proteins in 2535 species: Archae - 1794; Bacteria - 163056; Metazoa - 258989; Fungi - 49151; Plants - 70496; Viruses - 8919; Other Eukaryotes - 142138 (source: NCBI BLink).,13.69,1.27,1.27138E-07,5.40692E-05,258289_at,#N/A,#N/A
AT1G03870,"fasciclin-like arabinogalactan-protein 9 (Fla9)FASCICLIN-like arabinoogalactan 9 (FLA9); LOCATED IN: anchored to plasma membrane, plasma membrane, anchored to membrane; EXPRESSED IN: 23 plant structures; EXPRESSED DURING: 14 growth stages; CONTAINS InterPro DOMAIN/s: FAS1 domain (InterPro:IPR000782); BEST Arabidopsis thaliana protein match is: FASCICLIN-like arabinogalactan protein 13 precursor (TAIR:AT5G44130.1); Has 1005 Blast hits to 985 proteins in 182 species: Archae - 18; Bacteria - 304; Metazoa - 15; Fungi - 9; Plants - 624; Viruses - 0; Other Eukaryotes - 35 (source: NCBI BLink).",14.22,1.22,6.37388E-07,0.000243345,265066_at,#N/A,#N/A
AT5G22500,"Encodes a member of the eight-member gene family encoding alcohol-forming fatty acyl-CoA reductases (FARs) identified in Arabidopsis thaliana.  Three of the FARs, FAR1 (At5g22500), FAR4 (At3g44540) and FAR5 (At3g44550), are shown to generate the fatty alcohols found in root, seed coat, and wound-induced leaf tissue.fatty acid reductase 1 (FAR1); FUNCTIONS IN: oxidoreductase activity, acting on the CH-CH group of donors, fatty-acyl-CoA reductase (alcohol-forming) activity, long-chain-fatty-acyl-CoA reductase activity; INVOLVED IN: response to salt stress, microsporogenesis, response to wounding, suberin biosynthetic process; LOCATED IN: chloroplast; EXPRESSED IN: 22 plant structures; EXPRESSED DURING: 13 growth stages; CONTAINS InterPro DOMAIN/s: Male sterility (InterPro:IPR004262), NAD(P)-binding domain (InterPro:IPR016040), Male sterility, NAD-binding (InterPro:IPR013120); BEST Arabidopsis thaliana protein match is: fatty acid reductase 4 (TAIR:AT3G44540.1); Has 2592 Blast hits to 2555 proteins in 497 species: Archae - 6; Bacteria - 759; Metazoa - 1002; Fungi - 307; Plants - 285; Viruses - 0; Other Eukaryotes - 233 (source: NCBI BLink).",14.38,1.22,7.13963E-07,0.000266522,249895_at,#N/A,#N/A
AT1G62380,"Encodes a protein similar to 1-aminocyclopropane-1-carboxylic oxidase (ACC oxidase). Expression of the AtACO2 transcripts is affected by ethylene.ACC oxidase 2 (ACO2); FUNCTIONS IN: 1-aminocyclopropane-1-carboxylate oxidase activity, copper ion binding; INVOLVED IN: response to salt stress, detection of ethylene stimulus, ethylene biosynthetic process; LOCATED IN: cell wall, plasma membrane; EXPRESSED IN: 24 plant structures; EXPRESSED DURING: 14 growth stages; CONTAINS InterPro DOMAIN/s: Oxoglutarate/iron-dependent oxygenase (InterPro:IPR005123); BEST Arabidopsis thaliana protein match is: 2-oxoglutarate (2OG) and Fe(II)-dependent oxygenase superfamily protein (TAIR:AT1G12010.1); Has 8564 Blast hits to 8520 proteins in 992 species: Archae - 0; Bacteria - 1100; Metazoa - 104; Fungi - 1037; Plants - 4951; Viruses - 0; Other Eukaryotes - 1372 (source: NCBI BLink).",11.53,1.16,1.41713E-07,5.9514E-05,260637_at,#N/A,#N/A
AT3G23050,"Transcription regulator acting as repressor of auxin-inducible gene expression. Plays role in the control of gravitropic growth and development in light-grown seedlings. Auxin induces the degradation of the protein in a dosage-dependent manner in a process mediated by AtRac1. Auxin induced the relocalization of the protein within the nucleus from a diffused nucleoplasmic pattern to a discrete particulated pattern named nuclear protein bodies or NPB in a process also mediated by Rac1. Colocalizes with SCF, CSN and 26S proteasome components.indole-3-acetic acid 7 (IAA7); CONTAINS InterPro DOMAIN/s: Aux/IAA-ARF-dimerisation (InterPro:IPR011525), AUX/IAA protein (InterPro:IPR003311); BEST Arabidopsis thaliana protein match is: indole-3-acetic acid inducible 14 (TAIR:AT4G14550.1); Has 1682 Blast hits to 1681 proteins in 74 species: Archae - 0; Bacteria - 0; Metazoa - 0; Fungi - 0; Plants - 1681; Viruses - 0; Other Eukaryotes - 1 (source: NCBI BLink).",13.19,1.12,1.08053E-06,0.000370434,257769_at,#N/A,#N/A
AT4G02850,phenazine biosynthesis PhzC/PhzF family protein; FUNCTIONS IN: catalytic activity; INVOLVED IN: biosynthetic process; LOCATED IN: endomembrane system; EXPRESSED IN: 14 plant structures; EXPRESSED DURING: 9 growth stages; CONTAINS InterPro DOMAIN/s: Phenazine biosynthesis PhzC/PhzF protein (InterPro:IPR003719); BEST Arabidopsis thaliana protein match is: Phenazine biosynthesis PhzC/PhzF protein (TAIR:AT1G03210.1); Has 3282 Blast hits to 3279 proteins in 1066 species: Archae - 40; Bacteria - 2414; Metazoa - 118; Fungi - 78; Plants - 90; Viruses - 0; Other Eukaryotes - 542 (source: NCBI BLink).,15.82,-1.36,3.42063E-06,0.000999329,255450_at,#N/A,#N/A
AT1G16410,"member of CYP79Fcytochrome p450 79f1 (CYP79F1); CONTAINS InterPro DOMAIN/s: Cytochrome P450 (InterPro:IPR001128), Cytochrome P450, conserved site (InterPro:IPR017972), Cytochrome P450, E-class, group I (InterPro:IPR002401); BEST Arabidopsis thaliana protein match is: cytochrome P450, family 79, subfamily F, polypeptide 2 (TAIR:AT1G16400.1); Has 27252 Blast hits to 27093 proteins in 1494 species: Archae - 44; Bacteria - 2170; Metazoa - 10673; Fungi - 5027; Plants - 8510; Viruses - 0; Other Eukaryotes - 828 (source: NCBI BLink).",13.56,-1.45,2.35962E-09,1.61788E-06,,#N/A,#N/A
AT5G08640,Encodes a flavonol synthase that catalyzes formation of flavonols from dihydroflavonols.flavonol synthase 1 (FLS1); CONTAINS InterPro DOMAIN/s: Oxoglutarate/iron-dependent oxygenase (InterPro:IPR005123); BEST Arabidopsis thaliana protein match is: flavonol synthase 3 (TAIR:AT5G63590.1); Has 8476 Blast hits to 8432 proteins in 992 species: Archae - 0; Bacteria - 1104; Metazoa - 92; Fungi - 925; Plants - 4948; Viruses - 0; Other Eukaryotes - 1407 (source: NCBI BLink).,15.14,-1.50,1.78656E-08,9.37858E-06,250533_at,#N/A,#N/A
AT3G58990,"isopropylmalate isomerase 1 (IPMI1); FUNCTIONS IN: hydro-lyase activity, 3-isopropylmalate dehydratase activity; INVOLVED IN: leucine biosynthetic process, metabolic process; LOCATED IN: plastid; EXPRESSED IN: 19 plant structures; EXPRESSED DURING: 9 growth stages; CONTAINS InterPro DOMAIN/s: 3-isopropylmalate dehydratase, small subunit-like (InterPro:IPR012305), Aconitase A/isopropylmalate dehydratase small subunit, swivel (InterPro:IPR000573), Aconitase/3-isopropylmalate dehydratase, swivel (InterPro:IPR015928), Aconitase-like core (InterPro:IPR015937); BEST Arabidopsis thaliana protein match is: Aconitase/3-isopropylmalate dehydratase protein (TAIR:AT2G43090.1); Has 8940 Blast hits to 8939 proteins in 2288 species: Archae - 372; Bacteria - 5509; Metazoa - 6; Fungi - 358; Plants - 71; Viruses - 0; Other Eukaryotes - 2624 (source: NCBI BLink).",14.64,-1.52,6.90502E-09,4.06997E-06,251524_at,#N/A,#N/A
AT1G18590,"encodes a desulfoglucosinolate sulfotransferase, involved in the final step of glucosinolate core structure biosynthesis. Has a broad-substrate specificity with preference with methionine-derived desulfoglucosinolates.sulfotransferase 17 (SOT17); CONTAINS InterPro DOMAIN/s: Sulfotransferase domain (InterPro:IPR000863); BEST Arabidopsis thaliana protein match is: desulfo-glucosinolate sulfotransferase 18 (TAIR:AT1G74090.1); Has 2933 Blast hits to 2889 proteins in 198 species: Archae - 0; Bacteria - 241; Metazoa - 1692; Fungi - 1; Plants - 541; Viruses - 0; Other Eukaryotes - 458 (source: NCBI BLink).",15.75,-1.69,3.4167E-08,1.63987E-05,255773_at,#N/A,#N/A
AT1G53480,Encodes MRD1 (mto 1 responding down).  Down-regulated in mto1-1 mutant that over-accumulates soluble methionine.MTO 1 RESPONDING DOWN 1 (MRD1); BEST Arabidopsis thaliana protein match is: unknown protein (TAIR:AT5G03090.1); Has 7 Blast hits to 7 proteins in 1 species: Archae - 0; Bacteria - 0; Metazoa - 0; Fungi - 0; Plants - 7; Viruses - 0; Other Eukaryotes - 0 (source: NCBI BLink).,16.28,-2.07,1.92154E-06,0.000614837,,#N/A,#N/A
AT1G61560,"A member of a large family of seven-transmembrane domain proteins specific to plants, homologs of the barley mildew resistance locus o (MLO) protein. The Arabidopsis genome contains 15 genes encoding MLO proteins, with localization in plasma membrane. Phylogenetic analysis revealed four clades of closely-related AtMLO genes. ATMLO6 belongs to the clade IV, with AtMLO2, AtMLO3 and AtMLO12. The gene is expressed during early seedling growth, in roots and lateral root primordia, in flower and fruit abscission zone, in vascular system of cotyledons, young leaves and petals, in mature rosette leaves, in anthers, as shown by GUS activity patterns. The expression of several phylogenetically closely-related AtMLO genes showed similar or overlapping tissue specificity and analogous responsiveness to external stimuli, suggesting functional redundancy, co-function, or antagonistic function(s).MILDEW RESISTANCE LOCUS O 6 (MLO6); FUNCTIONS IN: calmodulin binding; INVOLVED IN: defense response to fungus, incompatible interaction, cell death, defense response; LOCATED IN: plasma membrane; EXPRESSED IN: 26 plant structures; EXPRESSED DURING: 8 growth stages; CONTAINS InterPro DOMAIN/s: Mlo-related protein (InterPro:IPR004326); BEST Arabidopsis thaliana protein match is: Seven transmembrane MLO family protein (TAIR:AT1G11310.1); Has 556 Blast hits to 535 proteins in 58 species: Archae - 0; Bacteria - 0; Metazoa - 0; Fungi - 0; Plants - 551; Viruses - 0; Other Eukaryotes - 5 (source: NCBI BLink).",17.23,-2.14,2.72534E-06,0.000832392,265008_at,#N/A,#N/A
AT5G42800,"dihydroflavonol reductase. Catalyzes the conversion of dihydroquercetin to leucocyanidin in the biosynthesis of anthocyanins.dihydroflavonol 4-reductase (DFR); CONTAINS InterPro DOMAIN/s: NAD-dependent epimerase/dehydratase (InterPro:IPR001509), NAD(P)-binding domain (InterPro:IPR016040); BEST Arabidopsis thaliana protein match is: NAD(P)-binding Rossmann-fold superfamily protein (TAIR:AT2G45400.1); Has 1807 Blast hits to 1807 proteins in 277 species: Archae - 0; Bacteria - 0; Metazoa - 736; Fungi - 347; Plants - 385; Viruses - 0; Other Eukaryotes - 339 (source: NCBI BLink).",16.35,-2.32,5.01768E-10,4.11168E-07,249215_at,#N/A,#N/A
AT3G01345,"Expressed protein; FUNCTIONS IN: hydrolase activity, hydrolyzing O-glycosyl compounds; INVOLVED IN: carbohydrate metabolic process; LOCATED IN: membrane; CONTAINS InterPro DOMAIN/s: Glycoside hydrolase, family 35 (InterPro:IPR001944); BEST Arabidopsis thaliana protein match is: unknown protein (TAIR:AT5G28919.1); Has 35333 Blast hits to 34131 proteins in 2444 species: Archae - 798; Bacteria - 22429; Metazoa - 974; Fungi - 991; Plants - 531; Viruses - 0; Other Eukaryotes - 9610 (source: NCBI BLink).",13.58,-2.63,0,0,,#N/A,#N/A
AT3G29590,"At3g29590 (At5MAT) encodes a malonyl-CoA:anthocyanidin 5-O-glucoside-6""-O-malonyltransferase that is coordinately expressed with a epistatic 5-O-anthocyanidin glucosyltransferase (At4g14090). The enzyme is involved in the malonylation of anthocyanins in Arabidopsis.AT5MAT; CONTAINS InterPro DOMAIN/s: Transferase (InterPro:IPR003480); BEST Arabidopsis thaliana protein match is: HXXXD-type acyl-transferase family protein (TAIR:AT5G39050.1); Has 2262 Blast hits to 2246 proteins in 131 species: Archae - 0; Bacteria - 0; Metazoa - 0; Fungi - 36; Plants - 2224; Viruses - 0; Other Eukaryotes - 2 (source: NCBI BLink).",17.68,-2.90,3.94426E-09,2.59834E-06,256924_at,#N/A,#N/A
AT5G51190,"encodes a member of the ERF (ethylene response factor) subfamily B-3 of ERF/AP2 transcription factor family. The protein contains one AP2 domain. There are 18 members in this subfamily including ATERF-1, ATERF-2, AND ATERF-5.Integrase-type DNA-binding superfamily protein; CONTAINS InterPro DOMAIN/s: DNA-binding, integrase-type (InterPro:IPR016177), Pathogenesis-related transcriptional factor/ERF, DNA-binding (InterPro:IPR001471); BEST Arabidopsis thaliana protein match is: ethylene response factor 104 (TAIR:AT5G61600.1); Has 30201 Blast hits to 17322 proteins in 780 species: Archae - 12; Bacteria - 1396; Metazoa - 17338; Fungi - 3422; Plants - 5037; Viruses - 0; Other Eukaryotes - 2996 (source: NCBI BLink).",19.14,-3.94,2.15147E-06,0.000681916,248448_at,#N/A,#N/A
AT1G62766,"hAT-like transposase family (hobo/Ac/Tam3), has a 6.1e-299 P-value blast match to GB:AAD24567 transposase Tag2 (hAT-element) (Arabidopsis thaliana)",34.05,-31.94,3.01557E-06,0.00088872,,#N/A,#N/A